FD433527-A2BB-746F-EA2A-D24F0DBA6B40,Villafranca Tirrena,WMM29GAS5JJ,"Lorem ipsum dolor sit amet, consectetuer adipiscing elit. Curabitur sed tortor. Integer aliquam adipiscing lacus. Ut nec urna et arcu imperdiet"
9B4F4783-3EAE-3D7B-8B6D-079BB0B3F773,Anzio,PCO28DOA3PM,"Lorem ipsum dolor sit amet, consectetuer adipiscing elit. Curabitur sed tortor."
E5B7E99B-DBCA-B014-37AE-04463A487892,Saint-Georges,HWR29OFW7CA,"Lorem ipsum dolor sit amet, consectetuer adipiscing elit. Curabitur sed tortor. Integer aliquam adipiscing lacus. Ut nec urna et arcu"
D31C1D18-C85B-910D-B119-448BA2BEBF50,Nelson,OZV60OOC3FV,"Lorem ipsum dolor sit amet, consectetuer adipiscing elit. Curabitur sed tortor. Integer aliquam adipiscing lacus. Ut nec urna et arcu imperdiet ullamcorper. Duis"
19677B42-DED1-8253-9F55-13E21C213565,Spaniard's Bay,HZM71GXA4HS,"Lorem ipsum dolor sit amet, consectetuer adipiscing elit. Curabitur sed tortor. Integer aliquam adipiscing lacus. Ut nec urna et arcu imperdiet ullamcorper. Duis at lacus. Quisque"
1016A59A-4DB5-9081-98EC-2BAD59A9B43B,Grumo Appula,QLI53RXJ2JJ,"Lorem ipsum dolor sit amet, consectetuer adipiscing elit. Curabitur sed tortor. Integer aliquam adipiscing lacus. Ut nec urna et arcu imperdiet ullamcorper. Duis at lacus."
6B01B0E7-603F-86B2-4F14-9F6C3058A8B9,Collinas,VYF98PVC4AV,Lorem ipsum dolor sit
2241C95E-9615-4568-5E72-FD4D5A56A005,Allahabad,HVX24FIK7BR,"Lorem ipsum dolor sit amet, consectetuer adipiscing elit. Curabitur sed tortor. Integer aliquam adipiscing lacus. Ut nec urna et arcu imperdiet ullamcorper."
9228A46A-7DCD-FD3C-58E6-467D3C3A49B4,Te Puke,JQY88YDB8HX,"Lorem ipsum dolor sit amet, consectetuer adipiscing elit. Curabitur sed tortor. Integer aliquam adipiscing lacus. Ut nec urna"
1A399376-F651-B006-055E-287F74274954,Balsas,DCJ35ZUI5JI,Lorem
0CDF3316-551C-12D0-6754-0AA21596BE52,Idar-Oberstei,QUY93ZSO1WS,"Lorem ipsum dolor sit amet, consectetuer adipiscing elit. Curabitur sed"
4D6AA805-258B-2392-DA38-E062A9240895,Silchar,CDS57ITF2IR,"Lorem ipsum dolor sit amet, consectetuer adipiscing elit."
ED91C1FD-6DF4-1F61-E605-AC8A4C5CE82D,Stony Plain,HBH71FOQ7FJ,Lorem ipsum dolor sit
806397C2-59B5-C8F2-30C9-6AF42410B724,Palagano,RDO67KJL5UO,"Lorem ipsum dolor sit amet, consectetuer adipiscing elit. Curabitur sed tortor. Integer"
8493A111-CCA0-63AA-A64F-BE38F56F7B76,Recanati,XLJ83OPK2IO,"Lorem ipsum dolor sit amet, consectetuer adipiscing elit. Curabitur sed tortor."
C24BE45C-F544-2BBE-7B10-5BAFE689C20A,Bhir,HRU25OXV5LF,"Lorem ipsum dolor sit amet, consectetuer adipiscing elit."
3E36FC61-AFA0-48A2-9F8A-A0FD98392FA4,Bellevue,SZP66XJI7DX,"Lorem ipsum dolor sit amet, consectetuer adipiscing elit. Curabitur sed tortor. Integer aliquam adipiscing lacus. Ut nec"
83D87AC5-CB38-888D-381E-CB313BFD2A98,Murdochville,IXM82URE2SQ,"Lorem ipsum dolor sit amet, consectetuer adipiscing elit. Curabitur sed tortor. Integer aliquam adipiscing lacus. Ut nec urna et arcu imperdiet ullamcorper. Duis"
26990206-B24D-0E33-D53A-F23A96131117,Elingen,WMQ57VDI3BX,Lorem ipsum dolor sit
8DCBECDA-F4DB-4CE6-959D-83D01BFADACE,Falerone,LNF26KUV3HB,"Lorem ipsum dolor sit amet, consectetuer adipiscing elit. Curabitur sed tortor. Integer aliquam adipiscing lacus. Ut"
EC795B68-A41D-FE09-4F28-DD0A476A5E37,Estevan,NWK14ICZ8IM,"Lorem ipsum dolor sit amet, consectetuer adipiscing elit. Curabitur sed"
D561C637-7B33-70D2-3767-358E32EB2137,Villeneuve-d'Ascq,ANE38AVA2OL,"Lorem ipsum dolor sit amet,"
FF63E1C8-7AFA-8F21-367B-047C3B97FB70,Maple Ridge,BSO26WEN4PA,"Lorem ipsum dolor sit amet,"
453B39D3-BD0E-275E-DFC0-A5B77D47B254,Daussoulx,SPI64DXE9KQ,"Lorem ipsum dolor sit amet, consectetuer"
73A7C555-236D-57B5-4257-A17ACD8DE3D4,Spokane,VRV02VYV4NN,"Lorem ipsum dolor sit amet, consectetuer adipiscing elit. Curabitur sed tortor. Integer aliquam"
1AA54F9F-20A7-1F98-B521-E748A9EF289B,Grand-Leez,HYY55FHF7JT,"Lorem ipsum dolor sit amet, consectetuer adipiscing elit. Curabitur sed tortor. Integer aliquam adipiscing lacus. Ut"
F9C919A4-A19E-6724-A9F6-9C3430A9D255,Halen,ION38TPM2WW,Lorem
6DE23828-69C6-DF90-2AF1-9A1ADEF8F4F5,Bensheim,XFM00PRG9ZQ,"Lorem ipsum dolor sit amet, consectetuer adipiscing elit. Curabitur sed tortor. Integer aliquam adipiscing lacus. Ut nec urna et arcu imperdiet ullamcorper. Duis at lacus. Quisque purus sapien,"
9DEC6250-D8DA-22AF-F1EB-2E6A3D7765CB,Villanovafranca,TIK07YUJ1QI,"Lorem ipsum dolor sit amet, consectetuer adipiscing elit. Curabitur sed tortor. Integer aliquam adipiscing lacus. Ut nec urna et"
F99B5D2A-216C-24A2-3B20-5CD1BEC7E2BF,San Zenone degli Ezzelini,GFG99WLR2IQ,"Lorem ipsum dolor sit amet, consectetuer adipiscing elit. Curabitur sed tortor. Integer aliquam adipiscing lacus. Ut nec urna et arcu imperdiet ullamcorper. Duis at lacus. Quisque purus sapien, gravida non,"
F3F0D244-D808-E58F-D2EC-96500FBD9711,Bousval,TKT34XNR3BX,"Lorem ipsum dolor sit amet, consectetuer adipiscing elit. Curabitur sed tortor. Integer aliquam adipiscing lacus. Ut nec urna et arcu imperdiet ullamcorper. Duis at lacus. Quisque purus"
22BBA54B-6C91-9740-8D2E-1CE81366BB24,Hannut,FXH68PWY6JY,"Lorem ipsum dolor sit amet, consectetuer adipiscing elit. Curabitur sed tortor."
A02ED951-3D74-22F3-46C3-B653AFF9BBC6,Gignod,XGN16SMM4JF,"Lorem ipsum dolor sit amet,"
60660641-908F-3808-E673-05F38A506E22,Luttre,URL23SQI5QD,"Lorem ipsum dolor sit amet, consectetuer adipiscing elit. Curabitur sed tortor. Integer aliquam adipiscing lacus. Ut nec urna et arcu imperdiet ullamcorper. Duis at"
E033576D-F883-5151-9B7B-23FDEA76833A,Ranchi,ZDH62ECV8IZ,"Lorem ipsum dolor sit amet, consectetuer adipiscing elit. Curabitur sed tortor. Integer aliquam adipiscing lacus. Ut nec urna et arcu imperdiet ullamcorper. Duis at lacus. Quisque"
FA5FBED7-FAA8-EB9B-98AA-DC8C6C422E7C,Caerphilly,MFV58TUE9EH,"Lorem ipsum dolor sit amet, consectetuer adipiscing elit. Curabitur sed tortor. Integer aliquam adipiscing lacus. Ut nec urna et arcu imperdiet ullamcorper. Duis at lacus. Quisque purus"
C4963E47-2336-0599-5D31-EBA2E1AF08C8,Isle-aux-Coudres,SCK03TBC0MQ,"Lorem ipsum dolor sit amet, consectetuer adipiscing elit."
A01FEF48-952D-26BF-C6C8-82BDFE74FB11,Schepdaal,KSL25HTW0YF,Lorem
95C72B9A-1EB1-F45C-2AD7-3A2642A19EE8,Joué-lès-Tours,UJA02WAN8BB,"Lorem ipsum dolor sit amet, consectetuer adipiscing elit. Curabitur sed tortor. Integer aliquam adipiscing"
C8ED2DC4-ED20-16CD-51E6-5B0BC371FC8F,Woodstock,YTP33BYI3XB,"Lorem ipsum dolor sit amet, consectetuer adipiscing"
0060C860-DBA2-98FB-5B4F-6BA27813FBB9,Penhold,LEM10ZIG9VT,"Lorem ipsum dolor sit amet, consectetuer adipiscing elit. Curabitur sed tortor. Integer aliquam adipiscing lacus. Ut nec urna et arcu"
F4E373D5-816E-3D24-B0B0-F0643120D74A,Missoula,HGI29VKB9IW,"Lorem ipsum dolor sit amet, consectetuer adipiscing elit. Curabitur sed tortor. Integer aliquam adipiscing lacus. Ut nec urna et arcu imperdiet"
49511714-1040-22A8-4AEE-1AFC212BCD9D,Kermt,DEG16VWA9LE,"Lorem ipsum dolor sit amet, consectetuer adipiscing elit. Curabitur sed tortor. Integer aliquam adipiscing lacus. Ut nec urna et arcu"
688814A7-7EE0-8D5C-90BE-6790291E2A56,Bovigny,ICJ09CWO4JT,"Lorem ipsum dolor sit amet, consectetuer adipiscing elit. Curabitur sed tortor. Integer aliquam adipiscing lacus. Ut nec urna et"
CB932526-0D99-743B-C5A6-665651A2D549,Rueglio,GCP10JBV8ZC,"Lorem ipsum dolor sit amet, consectetuer adipiscing elit. Curabitur sed tortor. Integer aliquam adipiscing lacus. Ut nec urna et arcu imperdiet ullamcorper. Duis at"
845C5C98-B9DD-CA1A-2F6E-628553F25FF8,Jammu,JEY34MFB7ES,"Lorem ipsum dolor sit amet, consectetuer adipiscing elit. Curabitur"
96B4CC50-A0FF-352C-568E-9A91C8030997,Portland,ANS89LTC9TM,"Lorem ipsum dolor sit amet, consectetuer adipiscing elit. Curabitur sed tortor. Integer aliquam adipiscing lacus. Ut nec urna et"
8E46AD49-268A-594D-7DB9-3A0A97523913,Darıca,FNY89TYK6FL,"Lorem ipsum dolor sit amet, consectetuer adipiscing elit. Curabitur sed tortor. Integer aliquam adipiscing lacus. Ut"
ADC8E755-F581-DDDC-DF5D-BCEC34DFEAE1,Thunder Bay,KOU68ARR8AE,"Lorem ipsum dolor sit amet, consectetuer adipiscing elit. Curabitur sed tortor. Integer"
C9971C55-6F7A-639A-E2F8-C2992E48C991,Cannes,TWD83VFI7RJ,"Lorem ipsum dolor sit amet, consectetuer"
CC8ABDF0-F8D0-8247-2E92-10FDC5DB35A2,Surat,NEE16OLM2XI,"Lorem ipsum dolor sit amet, consectetuer adipiscing"
576B69F2-E4EC-C64A-EDCF-A1101A6AA9DF,Wolkrange,VOL22UDS0VJ,"Lorem ipsum dolor sit amet, consectetuer adipiscing elit. Curabitur sed"
37A8425A-67D7-5FFE-3687-396064E64951,Rugby,QUF38EPC0DO,"Lorem ipsum dolor sit amet, consectetuer adipiscing elit. Curabitur sed tortor. Integer aliquam adipiscing lacus. Ut nec"
E33C59AB-D359-8A5E-A38D-FC7B13481F0B,Redruth,LRB14ZRZ4SX,Lorem ipsum dolor
1BCEF376-3622-8935-6D62-261A4867246D,Ururi,OGL03AFT3NU,"Lorem ipsum dolor sit amet, consectetuer adipiscing elit. Curabitur sed tortor. Integer aliquam adipiscing lacus. Ut nec urna et arcu imperdiet ullamcorper. Duis at"
5621CDC9-956B-27CD-747B-2634B2C84D0D,Nadrin,VBF70XGP3WH,Lorem ipsum dolor sit
88CD6599-0315-085B-D6A6-82E843F53FAD,St. Thomas,IXA57ZKM3EJ,Lorem
86058166-1AC4-3555-227E-B6DAA54D7D52,Sainte-Ode,GGH98OGM4QA,"Lorem ipsum dolor sit amet,"
D0FE09A8-1B01-D99C-8289-584749C66E00,Pero,WXQ90YIA9VD,"Lorem ipsum dolor sit amet, consectetuer adipiscing elit. Curabitur sed tortor. Integer aliquam adipiscing lacus. Ut nec urna et"
D5300ABC-B6D1-A107-51A7-D1CB311C9D8B,Houston,GHX15XWR8GP,"Lorem ipsum dolor sit amet, consectetuer adipiscing elit. Curabitur sed tortor. Integer aliquam adipiscing lacus. Ut nec urna"
E51C216E-D4FC-B2A8-E3D7-F91C524FD7A9,Rycroft,DRX38PJK8PR,Lorem
8C699568-FF5E-92EE-E7D2-C5AE12CF3093,Bastia Umbra,VHC03SVY6JH,"Lorem ipsum dolor sit amet, consectetuer adipiscing elit. Curabitur sed tortor. Integer aliquam adipiscing lacus. Ut"
42EE2F14-ADFF-036B-95BD-F03D5FF20F31,Balurghat,GAW40UOE4RP,"Lorem ipsum dolor sit amet, consectetuer adipiscing elit. Curabitur sed tortor. Integer aliquam adipiscing lacus. Ut nec urna et"
C6B4465A-5B4C-F5A8-EA49-7CBA62B0055D,Molfetta,XXX32SDT5RQ,"Lorem ipsum dolor sit amet, consectetuer adipiscing elit. Curabitur sed tortor. Integer aliquam adipiscing lacus. Ut nec urna et arcu imperdiet ullamcorper."
A0C5A1DA-8D79-8DAD-752B-CCB435A5E6E2,Alcobendas,PZC93EXJ8JZ,Lorem ipsum dolor sit
C78B6ECA-C072-199A-64D1-E76DEC3F7D02,Alcalá de Henares,VVM15HXG7CO,"Lorem ipsum dolor sit amet, consectetuer adipiscing elit. Curabitur sed tortor. Integer aliquam adipiscing lacus. Ut nec urna"
A798412F-0728-AD25-379D-E222EDED3449,Aylmer,CHK26IGB0WY,"Lorem ipsum dolor sit amet, consectetuer adipiscing"
947F9807-1759-77D3-A605-AF7814B346B4,Court-Saint-Etienne,NFI00WYJ1BJ,"Lorem ipsum dolor sit amet, consectetuer adipiscing elit. Curabitur sed tortor. Integer aliquam adipiscing lacus. Ut nec urna et arcu imperdiet ullamcorper. Duis at lacus. Quisque purus sapien, gravida non,"
C5329B94-80A4-BDFD-FC11-1B95874DEEE0,Lakeshore,PZU46EGF7MZ,"Lorem ipsum dolor sit amet, consectetuer adipiscing elit. Curabitur sed tortor. Integer aliquam adipiscing lacus. Ut nec urna et arcu imperdiet ullamcorper."
3EF6F997-7B7A-56FC-8FE6-9974CDC3FB82,Naperville,SEI59ALL5SH,"Lorem ipsum dolor sit amet, consectetuer adipiscing elit. Curabitur sed tortor. Integer aliquam adipiscing lacus. Ut nec urna et arcu imperdiet ullamcorper. Duis at lacus. Quisque purus"
539B8E9E-C1F3-08C9-8DAC-2DABB96BB33F,Nieuwkerken-Waas,UMX78EYK7AM,"Lorem ipsum dolor sit amet, consectetuer adipiscing elit. Curabitur sed tortor. Integer aliquam adipiscing"
A41164FC-F39F-7544-D506-63FF8701A167,Kearney,DIH14BOR5VN,"Lorem ipsum dolor sit amet, consectetuer adipiscing elit. Curabitur sed tortor. Integer aliquam adipiscing lacus. Ut nec urna et arcu imperdiet ullamcorper. Duis at lacus. Quisque purus sapien, gravida non,"
3DD0F59B-CC89-FC07-AB47-A32A3F97C01F,Meux,ZZT61GXI8SH,"Lorem ipsum dolor sit amet, consectetuer adipiscing elit. Curabitur sed tortor. Integer aliquam adipiscing lacus. Ut nec urna et"
EDAA9D95-3303-882E-CE52-C909549B7702,Bressoux,QMZ20NTZ3PU,"Lorem ipsum dolor sit amet, consectetuer"
C6BE740C-B67E-43DA-BE52-8CCA3825EEE2,Pironchamps,UIK15ELJ8FM,"Lorem ipsum dolor sit amet, consectetuer adipiscing elit. Curabitur sed tortor."
4BDC92EE-36A7-A891-F84C-E49CA638B4A9,Carson City,ARH92ACP0IO,Lorem ipsum
3DE85CD8-E1D7-F7E1-46F9-65A4FFA2D4B5,Pike Creek,EOT12PTF7TO,Lorem
02ED3A85-A095-BCE3-745B-D941A4305141,Ribeirão das Neves,PGV00RUN8JL,Lorem
0441AF58-7E09-9B34-6BF9-1D3118DD7E8D,Campotosto,XBT23ILK4VT,"Lorem ipsum dolor sit amet, consectetuer adipiscing elit. Curabitur sed tortor. Integer aliquam adipiscing lacus. Ut nec urna et"
9DE73E2D-A07B-5AA3-089E-F2B16542E23C,Rosciano,QVV21ANV3HC,"Lorem ipsum dolor sit amet, consectetuer adipiscing elit. Curabitur sed tortor. Integer aliquam adipiscing lacus. Ut nec urna et arcu"
B28AF8BA-5047-6FB8-6B4F-93CE39D75108,D�gelis,OQU64PPS9YY,"Lorem ipsum dolor sit amet, consectetuer adipiscing elit. Curabitur sed tortor. Integer aliquam adipiscing lacus. Ut nec urna et arcu imperdiet ullamcorper. Duis at"
6E8DB433-E295-ED31-0127-135C3A2F9F46,Forges,MSM21HCY9ZZ,"Lorem ipsum dolor sit amet, consectetuer adipiscing elit. Curabitur sed tortor. Integer aliquam"
AAED53D5-05B4-4651-7C9A-82C868C55E85,Fontanigorda,ZNA18JNS0NE,"Lorem ipsum dolor sit amet, consectetuer adipiscing elit. Curabitur sed tortor. Integer aliquam adipiscing lacus. Ut"
717B4B0D-0EEC-00A6-E7D4-D50B5AC83FD1,Orosei,ZWD27MNP0JS,"Lorem ipsum dolor sit amet, consectetuer adipiscing elit. Curabitur sed tortor. Integer aliquam"
BE3339A0-302B-E795-299B-FA5DE71C6E1C,Lens,ONG50WFD2GM,"Lorem ipsum dolor sit amet, consectetuer adipiscing elit. Curabitur sed tortor. Integer aliquam adipiscing lacus. Ut nec urna et arcu imperdiet ullamcorper. Duis at lacus. Quisque purus sapien, gravida non,"
C75CDA93-FB84-6DA5-8A02-518E9DBA20A3,Mysore,QVB01HJV8CZ,"Lorem ipsum dolor sit amet, consectetuer adipiscing elit. Curabitur sed"
770E774D-5213-9BF3-3FF8-7CC8562465D3,Shillong,PET04RHO1UN,"Lorem ipsum dolor sit amet, consectetuer adipiscing elit. Curabitur sed"
3E383739-ED30-CE0D-E040-6437AE77C92C,Opdorp,UVQ10URK5VS,"Lorem ipsum dolor sit amet, consectetuer adipiscing elit. Curabitur sed tortor. Integer aliquam adipiscing lacus. Ut nec urna"
51360DBA-F1CF-FA0B-D9BE-A6985D8D6BAA,Salles,AEO22GAL2KL,"Lorem ipsum dolor sit amet, consectetuer adipiscing elit. Curabitur sed tortor. Integer aliquam adipiscing lacus. Ut nec urna et arcu imperdiet ullamcorper. Duis at lacus. Quisque"
5D6CF9B5-E7CB-A6F5-EDA8-AEF1AE988347,Longchamps,ZUA59RIR0QQ,"Lorem ipsum dolor sit amet, consectetuer adipiscing elit. Curabitur sed tortor. Integer aliquam adipiscing lacus. Ut nec"
57F45780-0D39-4866-10D8-BCF1DA0C9932,Santa Cruz de Tenerife,EVV34TUF0EN,"Lorem ipsum dolor sit amet, consectetuer adipiscing elit. Curabitur sed tortor. Integer aliquam adipiscing lacus. Ut nec urna et arcu imperdiet"
84E34DDD-D00D-C381-F118-999F9D86C4F7,La Seyne-sur-Mer,QTJ74EIM1BK,"Lorem ipsum dolor sit amet, consectetuer adipiscing"
DDC8F5BB-55A1-84A7-D557-D82C134F344D,Juazeiro do Norte,RMT00VLX1XR,"Lorem ipsum dolor sit amet, consectetuer adipiscing elit. Curabitur sed tortor. Integer aliquam adipiscing lacus. Ut nec"
EBF52B2F-541D-1060-D548-889E90264B7F,Cuttack,MXM07YAC6GV,"Lorem ipsum dolor sit amet, consectetuer adipiscing elit. Curabitur sed tortor. Integer aliquam adipiscing lacus. Ut nec"
823CA3BD-4597-95B8-794E-6D1B13A8ECAF,Rugby,IQC51WXT2NH,"Lorem ipsum dolor sit amet, consectetuer"
E8361961-0506-C06F-E7A4-869C92492B60,Smoky Lake,QUR47AMX5RX,"Lorem ipsum dolor sit amet, consectetuer adipiscing elit. Curabitur sed tortor. Integer aliquam adipiscing lacus. Ut"
23B57A82-D0AD-6E45-A058-88ACF6AB8848,Tresigallo,NQU16NHX7LH,"Lorem ipsum dolor sit amet, consectetuer adipiscing elit."
B9D6DE5B-2CD9-6DD2-2097-6BEC20C8DD22,Frankfort,FZJ82ZOU3MN,"Lorem ipsum dolor sit amet, consectetuer adipiscing elit. Curabitur sed tortor. Integer aliquam adipiscing lacus. Ut nec urna et arcu imperdiet"
097BFCA2-EA62-D2FF-2709-38D833056A9B,H�l�cine,EWT19GUP3PX,"Lorem ipsum dolor sit amet, consectetuer adipiscing elit. Curabitur sed tortor. Integer aliquam adipiscing lacus. Ut nec urna et arcu imperdiet ullamcorper. Duis at lacus. Quisque purus sapien,"
08A081A1-709D-29D2-5A3F-E42EBDA37CF2,Wichita,TJT68UBF5CY,"Lorem ipsum dolor sit amet, consectetuer adipiscing elit. Curabitur sed tortor. Integer aliquam adipiscing lacus. Ut nec urna et arcu imperdiet ullamcorper. Duis at lacus. Quisque purus"
